append,topic1,1922,14029
append,topic1,1922,14028
append,topic1,1922,14027
append,topic1,1922,14026
append,topic1,1922,14025
append,topic1,1922,14024
append,topic1,1922,14023
append,topic1,1922,14022
append,topic1,1922,14021
append,topic1,1922,14020
append,topic1,1922,14019
append,topic1,1922,14018
append,topic1,1922,14017
append,topic1,1922,14016
append,topic1,1922,14015
append,topic1,1922,14014
append,topic1,1922,14013
append,topic1,1922,14012
append,topic1,1922,14011
append,topic1,1922,14010
append,topic1,1922,14009
append,topic1,1922,14008
append,topic1,1922,14007
append,topic1,1922,14006
append,topic1,1922,14005
append,topic1,1922,14004
append,topic1,1922,14003
append,topic1,1922,14002
append,topic1,1922,14001
append,topic1,1922,14000
append,topic1,1922,13999
append,topic1,1922,13998
append,topic1,1922,13997
append,topic1,1922,13996
append,topic1,1922,13995
append,topic1,1922,13994
append,topic1,1922,13993
append,topic1,1922,13992
append,topic1,1922,13991
append,topic1,1922,13990
append,topic1,1922,13989
append,topic1,1922,13988
append,topic1,1922,13987
append,topic1,1922,13986
append,topic1,1922,13985
append,topic1,1922,13984
append,topic1,1922,13983
append,topic1,1922,13982
append,topic1,1922,13981
append,topic1,1922,13980
append,topic1,1922,13979
append,topic1,1922,13978
append,topic1,1922,13977
append,topic1,1922,13976
append,topic1,1922,13975
append,topic1,1922,13974
append,topic1,1922,13973
append,topic1,1922,13972
append,topic1,1922,13971
append,topic1,1922,13970
append,topic1,1922,13969
append,topic1,1922,13968
append,topic1,1922,13967
append,topic1,1922,13966
append,topic1,1922,13965
append,topic1,1922,13964
append,topic1,1922,13963
append,topic1,1922,13962
append,topic1,1922,13961
append,topic1,1922,13960
append,topic1,1922,13959
append,topic1,1922,13958
append,topic1,1922,13957
append,topic1,1922,13956
append,topic1,1922,13955
append,topic1,1922,13954
append,topic1,1922,13953
append,topic1,1922,13952
append,topic1,1922,13951
append,topic1,1922,13950
append,topic1,1922,13949
append,topic1,1922,13948
append,topic1,1922,13947
append,topic1,1922,13946
append,topic1,1922,13945
append,topic1,1922,13944
append,topic1,1922,13943
append,topic1,1922,13942
append,topic1,1922,13941
append,topic1,1922,13940
append,topic1,1922,13939
append,topic1,1922,13938
append,topic1,1922,13937
append,topic1,1922,13936
append,topic1,1922,13935
append,topic1,1922,13934
append,topic1,1922,13933
append,topic1,1922,13932
append,topic1,1922,13931
append,topic1,1922,13930
append,topic1,1922,13929
append,topic1,1922,13928
append,topic1,1922,13927
append,topic1,1922,13926
append,topic1,1922,13925
append,topic1,1922,13924
append,topic1,1922,13923
append,topic1,1922,13922
append,topic1,1922,13921
append,topic1,1922,13920
append,topic1,1922,13919
append,topic1,1922,13918
append,topic1,1922,13917
append,topic1,1922,13916
append,topic1,1922,13915
append,topic1,1922,13914
append,topic1,1922,13913
append,topic1,1922,13912
append,topic1,1922,13911
append,topic1,1922,13910
append,topic1,1922,13909
append,topic1,1922,13908
append,topic1,1922,13907
append,topic1,1922,13906
append,topic1,1922,13905
append,topic1,1922,13904
append,topic1,1922,13903
append,topic1,1922,13902
append,topic1,1922,13901
append,topic1,1922,13900
append,topic1,1922,13899
append,topic1,1922,13898
append,topic1,1922,13897
append,topic1,1922,13896
append,topic1,1922,13895
append,topic1,1922,13894
append,topic1,1922,13893
append,topic1,1922,13892
append,topic1,1922,13891
getRange,topic1,1922,135,2
getRange,topic1,1922,137,8
append,topic1,1922,13890
append,topic1,1922,13889
append,topic1,1922,13888
getRange,topic1,1922,139,12
append,topic1,1922,13887
getRange,topic1,1922,142,5
append,topic1,1922,13886
append,topic1,1922,13885
getRange,topic1,1922,143,9
append,topic1,1922,13884
append,topic1,1922,13883
append,topic1,1922,13882
getRange,topic1,1922,145,1
append,topic1,1922,13881
getRange,topic1,1922,146,12
append,topic1,1922,13880
append,topic1,1922,13879
append,topic1,1922,13878
append,topic1,1922,13877
getRange,topic1,1922,149,8
append,topic1,1922,13876
append,topic1,1922,13875
append,topic1,1922,13874
getRange,topic1,1922,153,10
append,topic1,1922,13873
append,topic1,1922,13872
append,topic1,1922,13871
append,topic1,1922,13870
append,topic1,1922,13869
getRange,topic1,1922,156,4
append,topic1,1922,13868
getRange,topic1,1922,160,8
append,topic1,1922,13867
append,topic1,1922,13866
getRange,topic1,1922,162,5
append,topic1,1922,13865
getRange,topic1,1922,164,3
append,topic1,1922,13864
getRange,topic1,1922,165,10
append,topic1,1922,13863
append,topic1,1922,13862
append,topic1,1922,13861
append,topic1,1922,13860
append,topic1,1922,13859
getRange,topic1,1922,166,9
append,topic1,1922,13858
append,topic1,1922,13857
append,topic1,1922,13856
getRange,topic1,1922,171,2
append,topic1,1922,13855
getRange,topic1,1922,173,3
append,topic1,1922,13854
getRange,topic1,1922,175,7
append,topic1,1922,13853
append,topic1,1922,13852
append,topic1,1922,13851
getRange,topic1,1922,176,12
append,topic1,1922,13850
append,topic1,1922,13849
append,topic1,1922,13848
append,topic1,1922,13847
getRange,topic1,1922,179,3
append,topic1,1922,13846
append,topic1,1922,13845
append,topic1,1922,13844
append,topic1,1922,13843
append,topic1,1922,13842
append,topic1,1922,13841
getRange,topic1,1922,182,10
append,topic1,1922,13840
getRange,topic1,1922,189,10
append,topic1,1922,13839
getRange,topic1,1922,190,3
append,topic1,1922,13838
getRange,topic1,1922,191,9
append,topic1,1922,13837
getRange,topic1,1922,192,8
append,topic1,1922,13836
getRange,topic1,1922,193,3
append,topic1,1922,13835
getRange,topic1,1922,194,1
append,topic1,1922,13834
append,topic1,1922,13833
append,topic1,1922,13832
append,topic1,1922,13831
append,topic1,1922,13830
getRange,topic1,1922,195,10
append,topic1,1922,13829
getRange,topic1,1922,200,12
append,topic1,1922,13828
getRange,topic1,1922,201,7
append,topic1,1922,13827
getRange,topic1,1922,202,9
append,topic1,1922,13826
append,topic1,1922,13825
append,topic1,1922,13824
append,topic1,1922,13823
append,topic1,1922,13822
append,topic1,1922,13821
getRange,topic1,1922,203,2
getRange,topic1,1922,205,9
append,topic1,1922,13820
getRange,topic1,1922,209,7
append,topic1,1922,13819
append,topic1,1922,13818
append,topic1,1922,13817
getRange,topic1,1922,210,6
append,topic1,1922,13816
append,topic1,1922,13815
append,topic1,1922,13814
getRange,topic1,1922,213,10
append,topic1,1922,13813
append,topic1,1922,13812
append,topic1,1922,13811
append,topic1,1922,13810
getRange,topic1,1922,216,4
append,topic1,1922,13809
getRange,topic1,1922,220,12
append,topic1,1922,13808
append,topic1,1922,13807
getRange,topic1,1922,221,5
append,topic1,1922,13806
append,topic1,1922,13805
getRange,topic1,1922,223,10
append,topic1,1922,13804
getRange,topic1,1922,225,1
append,topic1,1922,13803
append,topic1,1922,13802
append,topic1,1922,13801
getRange,topic1,1922,226,12
append,topic1,1922,13800
getRange,topic1,1922,229,5
append,topic1,1922,13799
append,topic1,1922,13798
append,topic1,1922,13797